Workbook

Sheet PCC (€_MWh)
A1: PCC (€_MWh) | B1: PCC (€_kWh)
A2: 94.65 | B2: =A2/1000 -> 0.09465
A3: 87.3 | B3: =A3/1000 -> 0.0873
A4: 85.76 | B4: =A4/1000 -> 0.08576
A5: 87.09 | B5: =A5/1000 -> 0.08709
A6: 91.09 | B6: =A6/1000 -> 0.09109
A7: 99.5 | B7: =A7/1000 -> 0.0995
A8: 130.62 | B8: =A8/1000 -> 0.13062
A9: 135.74 | B9: =A9/1000 -> 0.13574
A10: 124.5 | B10: =A10/1000 -> 0.1245
A11: 105.06 | B11: =A11/1000 -> 0.10506
A12: 86.69 | B12: =A12/1000 -> 0.08669
A13: 83.64 | B13: =A13/1000 -> 0.08364
... A601: 9.84 | B601: =A601/1000 -> 0.00984

Sheet ELE_consumption_TOT
A1: Total electricity consumption [kWh]
A2: 633
A3: 637
A4: 637
A5: 634
A6: 629
A7: 637
A8: 628
A9: 612
A10: 627
A11: 609
A12: 598
A13: 577
... A617: 534

Sheet ELE_consumption_FURN
A1: Elecricity consumption by the plant - at FURNACE G [kWh] | B1: % of the total
A2: 0 | B2: =A3/ELE_consumption_TOT!A3 -> 0
A3: 0 | B3: =A4/ELE_consumption_TOT!A4 -> 0
A4: 0 | B4: =A5/ELE_consumption_TOT!A5 -> 0
A5: 0 | B5: =A6/ELE_consumption_TOT!A6 -> 0
A6: 0 | B6: =A7/ELE_consumption_TOT!A7 -> 0
A7: 0 | B7: =A8/ELE_consumption_TOT!A8 -> 0
A8: 0 | B8: =A9/ELE_consumption_TOT!A9 -> 0
A9: 0 | B9: =A10/ELE_consumption_TOT!A10 -> 0
A10: 0 | B10: =A11/ELE_consumption_TOT!A11 -> 0.35960591
A11: 219 | B11: =A12/ELE_consumption_TOT!A12 -> 0.36789298
A12: 220 | B12: =A13/ELE_consumption_TOT!A13 -> 0.37954939
A13: 219 | B13: =A14/ELE_consumption_TOT!A14 -> 0.37435009
... A616: 178 | B616: =A617/ELE_consumption_TOT!A617 -> 0.34269663
A617: 183

Sheet ELE_consumption_PLANTA
A1: Elecricity consumption by the PLANTA - at FURNACE G [kWh]
A2: =ELE_consumption_TOT!A2-ELE_consumption_FURN!A2 -> 633
A3: =ELE_consumption_TOT!A3-ELE_consumption_FURN!A3 -> 637
A4: =ELE_consumption_TOT!A4-ELE_consumption_FURN!A4 -> 637
A5: =ELE_consumption_TOT!A5-ELE_consumption_FURN!A5 -> 634
A6: =ELE_consumption_TOT!A6-ELE_consumption_FURN!A6 -> 629
A7: =ELE_consumption_TOT!A7-ELE_consumption_FURN!A7 -> 637
A8: =ELE_consumption_TOT!A8-ELE_consumption_FURN!A8 -> 628
A9: =ELE_consumption_TOT!A9-ELE_consumption_FURN!A9 -> 612
A10: =ELE_consumption_TOT!A10-ELE_consumption_FURN!A10 -> 627
A11: =ELE_consumption_TOT!A11-ELE_consumption_FURN!A11 -> 390
A12: =ELE_consumption_TOT!A12-ELE_consumption_FURN!A12 -> 378
A13: =ELE_consumption_TOT!A13-ELE_consumption_FURN!A13 -> 358
... A850: =ELE_consumption_TOT!A850-ELE_consumption_FURN!A850 -> 0

Sheet NG_meltingend
A1: Natural Gas Melting End [Nm3] | B1: Power melting end [kWh] | U1: AVERAGE: | V1: density [kg/m3] | W1: HHV [kWh/kg]
A2: 192 | B2: 0 | V2: 0.777 | W2: 14.5
A3: 191 | B3: 0
A4: 192 | B4: 0
A5: 192 | B5: 0
A6: 193 | B6: 0
A7: 194 | B7: 0
A8: 195 | B8: 0
A9: 203 | B9: 0
A10: 202 | B10: 0
A11: 201 | B11: 2162.349
A12: 0 | B12: 2185.231
A13: 0 | B13: 2162.16
A14: 0 | B14: 2230.605
... A602: 189 | B602: 1860.194
A603: 168
A604: 165
A605: 165
A606: 165
A607: 164
A608: 166
A609: 166
A610: 166
A611: 165
A612: 158
A613: 163
A614: 163
... A616: 161

Sheet burner_efficiency
A1: burner efficiency
A2: 0.98
A3: 0.98
A4: 0.98
A5: 0.98
A6: 0.98
A7: 0.98
A8: 0.98
A9: 0.98
A10: 0.98
A11: 0.98
A12: 0.98
A13: 0.98
... A618: 0.98

Sheet price_NG
A1: PCC Q3 Slovenia | F1: for Sloveniaaa | K1: time | L1: euro/kWh
A2: 0.0617 | K2: 2025Q1 | L2: 0.073
A3: 0.0617 | K3: 2024Q4 | L3: 0.0695
A4: 0.0617 | K4: 2024Q3 | L4: 0.0617
A5: 0.0617
A6: 0.0617
A7: 0.0617
A8: 0.0617
A9: 0.0617
A10: 0.0617
A11: 0.0617
A12: 0.0617
A13: 0.0617
A14: 0.0617
A15: 0.0617
A16: 0.0617
... A617: 0.0617

Sheet PULL
A1: Pull [t/day]
A2: 0
A3: 0
A4: 0
A5: 0
A6: 0
A7: 0
A8: 0
A9: 0
A10: 0
A11: 127.05103
A12: 126.99866
A13: 127.06687
... A617: 103.13775

Sheet cullet_ratio
A1: Cullet ratio [%]
A2: 30
A3: 25
A4: 25
A5: 25
A6: 25
A7: 25
A8: 25
A9: 25
A10: 25
A11: 25
A12: 25
A13: 25
... A617: 35

Sheet PV_generation
A1: PV generation-PV_PES [kWh]
A2: 0
A3: 0
A4: 0
A5: 0
A6: 0
A7: 0
A8: 0
A9: 2.787
A10: 11.547
A11: 31.421
A12: 49.206
A13: 60.847
... A617: 0

Sheet PV_OPEX
A1: PV OPEX [euro/kWh] | B1: PV OPEX [euro/kWh]
A2: 0.0014840183 | B2: 0
A3: 0.0014840183 | B3: 0
A4: 0.0014840183 | B4: 0
A5: 0.0014840183 | B5: 0
A6: 0.0014840183 | B6: 0
A7: 0.0014840183 | B7: 0
A8: 0.0014840183 | B8: 0
A9: 0.0014840183 | B9: 0
A10: 0.0014840183 | B10: 0
A11: 0.0014840183 | B11: 0
A12: 0.0014840183 | B12: 0
A13: 0.0014840183 | B13: 0
... A617: 0.0014840183 | B617: 0

Sheet PV_generation_FINAL
A1: PV generation-PV_PES [kWh]
A2: 0
A3: 0
A4: 0
A5: 0
A6: 0
A7: 0
A8: 2.787
A9: 11.547
A10: 31.421
A11: 49.206
A12: 60.847
A13: 56.945
... A616: 0
